Country_Code,Country_Name,Year,Series,Value,Footnotes,Source
4,Afghanistan,2020,Life expectancy at birth for both sexes (years),64.3,Data refers to a 5-year period preceding the reference year.,"United Nations Population Division, New York, World Population Prospects: The 2019 Revision; supplemented by data from the United Nations Statistics Division, New York, Demographic Yearbook 2019 and Secretariat for the Pacific Community (SPC) for small countries or areas, last accessed June 2021."
8,Albania,2020,Life expectancy at birth for both sexes (years),78.4,Data refers to a 5-year period preceding the reference year.,"United Nations Population Division, New York, World Population Prospects: The 2019 Revision; supplemented by data from the United Nations Statistics Division, New York, Demographic Yearbook 2019 and Secretariat for the Pacific Community (SPC) for small countries or areas, last accessed June 2021."
12,Algeria,2020,Life expectancy at birth for both sexes (years),76.6,Data refers to a 5-year period preceding the reference year.,"United Nations Population Division, New York, World Population Prospects: The 2019 Revision; supplemented by data from the United Nations Statistics Division, New York, Demographic Yearbook 2019 and Secretariat for the Pacific Community (SPC) for small countries or areas, last accessed June 2021."
24,Angola,2020,Life expectancy at birth for both sexes (years),60.5,Data refers to a 5-year period preceding the reference year.,"United Nations Population Division, New York, World Population Prospects: The 2019 Revision; supplemented by data from the United Nations Statistics Division, New York, Demographic Yearbook 2019 and Secretariat for the Pacific Community (SPC) for small countries or areas, last accessed June 2021."
28,Antigua and Barbuda,2020,Life expectancy at birth for both sexes (years),76.8,Data refers to a 5-year period preceding the reference year.,"United Nations Population Division, New York, World Population Prospects: The 2019 Revision; supplemented by data from the United Nations Statistics Division, New York, Demographic Yearbook 2019 and Secretariat for the Pacific Community (SPC) for small countries or areas, last accessed June 2021."
32,Argentina,2020,Life expectancy at birth for both sexes (years),76.4,Data refers to a 5-year period preceding the reference year.,"United Nations Population Division, New York, World Population Prospects: The 2019 Revision; supplemented by data from the United Nations Statistics Division, New York, Demographic Yearbook 2019 and Secretariat for the Pacific Community (SPC) for small countries or areas, last accessed June 2021."
51,Armenia,2020,Life expectancy at birth for both sexes (years),74.9,Data refers to a 5-year period preceding the reference year.,"United Nations Population Division, New York, World Population Prospects: The 2019 Revision; supplemented by data from the United Nations Statistics Division, New York, Demographic Yearbook 2019 and Secretariat for the Pacific Community (SPC) for small countries or areas, last accessed June 2021."
533,Aruba,2020,Life expectancy at birth for both sexes (years),76.1,Data refers to a 5-year period preceding the reference year.,"United Nations Population Division, New York, World Population Prospects: The 2019 Revision; supplemented by data from the United Nations Statistics Division, New York, Demographic Yearbook 2019 and Secretariat for the Pacific Community (SPC) for small countries or areas, last accessed June 2021."
36,Australia,2020,Life expectancy at birth for both sexes (years),83.2,"Data refers to a 5-year period preceding the reference year.;Including Christmas Island, Cocos (Keeling) Islands and Norfolk Island.","United Nations Population Division, New York, World Population Prospects: The 2019 Revision; supplemented by data from the United Nations Statistics Division, New York, Demographic Yearbook 2019 and Secretariat for the Pacific Community (SPC) for small countries or areas, last accessed June 2021."
40,Austria,2020,Life expectancy at birth for both sexes (years),81.4,Data refers to a 5-year period preceding the reference year.,"United Nations Population Division, New York, World Population Prospects: The 2019 Revision; supplemented by data from the United Nations Statistics Division, New York, Demographic Yearbook 2019 and Secretariat for the Pacific Community (SPC) for small countries or areas, last accessed June 2021."
31,Azerbaijan,2020,Life expectancy at birth for both sexes (years),72.8,Data refers to a 5-year period preceding the reference year.;Including Nagorno-Karabakh.,"United Nations Population Division, New York, World Population Prospects: The 2019 Revision; supplemented by data from the United Nations Statistics Division, New York, Demographic Yearbook 2019 and Secretariat for the Pacific Community (SPC) for small countries or areas, last accessed June 2021."
44,Bahamas,2020,Life expectancy at birth for both sexes (years),73.7,Data refers to a 5-year period preceding the reference year.,"United Nations Population Division, New York, World Population Prospects: The 2019 Revision; supplemented by data from the United Nations Statistics Division, New York, Demographic Yearbook 2019 and Secretariat for the Pacific Community (SPC) for small countries or areas, last accessed June 2021."
48,Bahrain,2020,Life expectancy at birth for both sexes (years),77.1,Data refers to a 5-year period preceding the reference year.,"United Nations Population Division, New York, World Population Prospects: The 2019 Revision; supplemented by data from the United Nations Statistics Division, New York, Demographic Yearbook 2019 and Secretariat for the Pacific Community (SPC) for small countries or areas, last accessed June 2021."
50,Bangladesh,2020,Life expectancy at birth for both sexes (years),72.2,Data refers to a 5-year period preceding the reference year.,"United Nations Population Division, New York, World Population Prospects: The 2019 Revision; supplemented by data from the United Nations Statistics Division, New York, Demographic Yearbook 2019 and Secretariat for the Pacific Community (SPC) for small countries or areas, last accessed June 2021."
52,Barbados,2020,Life expectancy at birth for both sexes (years),79,Data refers to a 5-year period preceding the reference year.,"United Nations Population Division, New York, World Population Prospects: The 2019 Revision; supplemented by data from the United Nations Statistics Division, New York, Demographic Yearbook 2019 and Secretariat for the Pacific Community (SPC) for small countries or areas, last accessed June 2021."
112,Belarus,2020,Life expectancy at birth for both sexes (years),74.5,Data refers to a 5-year period preceding the reference year.,"United Nations Population Division, New York, World Population Prospects: The 2019 Revision; supplemented by data from the United Nations Statistics Division, New York, Demographic Yearbook 2019 and Secretariat for the Pacific Community (SPC) for small countries or areas, last accessed June 2021."
56,Belgium,2020,Life expectancy at birth for both sexes (years),81.4,Data refers to a 5-year period preceding the reference year.,"United Nations Population Division, New York, World Population Prospects: The 2019 Revision; supplemented by data from the United Nations Statistics Division, New York, Demographic Yearbook 2019 and Secretariat for the Pacific Community (SPC) for small countries or areas, last accessed June 2021."
84,Belize,2020,Life expectancy at birth for both sexes (years),74.4,Data refers to a 5-year period preceding the reference year.,"United Nations Population Division, New York, World Population Prospects: The 2019 Revision; supplemented by data from the United Nations Statistics Division, New York, Demographic Yearbook 2019 and Secretariat for the Pacific Community (SPC) for small countries or areas, last accessed June 2021."
204,Benin,2020,Life expectancy at birth for both sexes (years),61.3,Data refers to a 5-year period preceding the reference year.,"United Nations Population Division, New York, World Population Prospects: The 2019 Revision; supplemented by data from the United Nations Statistics Division, New York, Demographic Yearbook 2019 and Secretariat for the Pacific Community (SPC) for small countries or areas, last accessed June 2021."
64,Bhutan,2020,Life expectancy at birth for both sexes (years),71.3,Data refers to a 5-year period preceding the reference year.,"United Nations Population Division, New York, World Population Prospects: The 2019 Revision; supplemented by data from the United Nations Statistics Division, New York, Demographic Yearbook 2019 and Secretariat for the Pacific Community (SPC) for small countries or areas, last accessed June 2021."
68,Bolivia (Plurin. State of),2020,Life expectancy at birth for both sexes (years),71.1,Data refers to a 5-year period preceding the reference year.,"United Nations Population Division, New York, World Population Prospects: The 2019 Revision; supplemented by data from the United Nations Statistics Division, New York, Demographic Yearbook 2019 and Secretariat for the Pacific Community (SPC) for small countries or areas, last accessed June 2021."
70,Bosnia and Herzegovina,2020,Life expectancy at birth for both sexes (years),77.2,Data refers to a 5-year period preceding the reference year.,"United Nations Population Division, New York, World Population Prospects: The 2019 Revision; supplemented by data from the United Nations Statistics Division, New York, Demographic Yearbook 2019 and Secretariat for the Pacific Community (SPC) for small countries or areas, last accessed June 2021."
72,Botswana,2020,Life expectancy at birth for both sexes (years),69.1,Data refers to a 5-year period preceding the reference year.,"United Nations Population Division, New York, World Population Prospects: The 2019 Revision; supplemented by data from the United Nations Statistics Division, New York, Demographic Yearbook 2019 and Secretariat for the Pacific Community (SPC) for small countries or areas, last accessed June 2021."
76,Brazil,2020,Life expectancy at birth for both sexes (years),75.6,Data refers to a 5-year period preceding the reference year.,"United Nations Population Division, New York, World Population Prospects: The 2019 Revision; supplemented by data from the United Nations Statistics Division, New York, Demographic Yearbook 2019 and Secretariat for the Pacific Community (SPC) for small countries or areas, last accessed June 2021."
96,Brunei Darussalam,2020,Life expectancy at birth for both sexes (years),75.7,Data refers to a 5-year period preceding the reference year.,"United Nations Population Division, New York, World Population Prospects: The 2019 Revision; supplemented by data from the United Nations Statistics Division, New York, Demographic Yearbook 2019 and Secretariat for the Pacific Community (SPC) for small countries or areas, last accessed June 2021."
100,Bulgaria,2020,Life expectancy at birth for both sexes (years),74.8,Data refers to a 5-year period preceding the reference year.,"United Nations Population Division, New York, World Population Prospects: The 2019 Revision; supplemented by data from the United Nations Statistics Division, New York, Demographic Yearbook 2019 and Secretariat for the Pacific Community (SPC) for small countries or areas, last accessed June 2021."
854,Burkina Faso,2020,Life expectancy at birth for both sexes (years),60.9,Data refers to a 5-year period preceding the reference year.,"United Nations Population Division, New York, World Population Prospects: The 2019 Revision; supplemented by data from the United Nations Statistics Division, New York, Demographic Yearbook 2019 and Secretariat for the Pacific Community (SPC) for small countries or areas, last accessed June 2021."
108,Burundi,2020,Life expectancy at birth for both sexes (years),61,Data refers to a 5-year period preceding the reference year.,"United Nations Population Division, New York, World Population Prospects: The 2019 Revision; supplemented by data from the United Nations Statistics Division, New York, Demographic Yearbook 2019 and Secretariat for the Pacific Community (SPC) for small countries or areas, last accessed June 2021."
132,Cabo Verde,2020,Life expectancy at birth for both sexes (years),72.7,Data refers to a 5-year period preceding the reference year.,"United Nations Population Division, New York, World Population Prospects: The 2019 Revision; supplemented by data from the United Nations Statistics Division, New York, Demographic Yearbook 2019 and Secretariat for the Pacific Community (SPC) for small countries or areas, last accessed June 2021."
116,Cambodia,2020,Life expectancy at birth for both sexes (years),69.4,Data refers to a 5-year period preceding the reference year.,"United Nations Population Division, New York, World Population Prospects: The 2019 Revision; supplemented by data from the United Nations Statistics Division, New York, Demographic Yearbook 2019 and Secretariat for the Pacific Community (SPC) for small countries or areas, last accessed June 2021."
120,Cameroon,2020,Life expectancy at birth for both sexes (years),58.8,Data refers to a 5-year period preceding the reference year.,"United Nations Population Division, New York, World Population Prospects: The 2019 Revision; supplemented by data from the United Nations Statistics Division, New York, Demographic Yearbook 2019 and Secretariat for the Pacific Community (SPC) for small countries or areas, last accessed June 2021."
124,Canada,2020,Life expectancy at birth for both sexes (years),82.2,Data refers to a 5-year period preceding the reference year.,"United Nations Population Division, New York, World Population Prospects: The 2019 Revision; supplemented by data from the United Nations Statistics Division, New York, Demographic Yearbook 2019 and Secretariat for the Pacific Community (SPC) for small countries or areas, last accessed June 2021."
140,Central African Republic,2020,Life expectancy at birth for both sexes (years),52.7,Data refers to a 5-year period preceding the reference year.,"United Nations Population Division, New York, World Population Prospects: The 2019 Revision; supplemented by data from the United Nations Statistics Division, New York, Demographic Yearbook 2019 and Secretariat for the Pacific Community (SPC) for small countries or areas, last accessed June 2021."
148,Chad,2020,Life expectancy at birth for both sexes (years),53.8,Data refers to a 5-year period preceding the reference year.,"United Nations Population Division, New York, World Population Prospects: The 2019 Revision; supplemented by data from the United Nations Statistics Division, New York, Demographic Yearbook 2019 and Secretariat for the Pacific Community (SPC) for small countries or areas, last accessed June 2021."
830,Channel Islands,2020,Life expectancy at birth for both sexes (years),82.8,"Data refers to a 5-year period preceding the reference year.;Refers to Guernsey, and Jersey. For statistical purposes, the data for United Kingdom do not include this area.","United Nations Population Division, New York, World Population Prospects: The 2019 Revision; supplemented by data from the United Nations Statistics Division, New York, Demographic Yearbook 2019 and Secretariat for the Pacific Community (SPC) for small countries or areas, last accessed June 2021."
152,Chile,2020,Life expectancy at birth for both sexes (years),80,Data refers to a 5-year period preceding the reference year.,"United Nations Population Division, New York, World Population Prospects: The 2019 Revision; supplemented by data from the United Nations Statistics Division, New York, Demographic Yearbook 2019 and Secretariat for the Pacific Community (SPC) for small countries or areas, last accessed June 2021."
156,China,2020,Life expectancy at birth for both sexes (years),76.6,"Data refers to a 5-year period preceding the reference year.;For statistical purposes, the data for China do not include those for the Hong Kong Special Administrative Region (Hong Kong SAR), Macao Special Administrative Region (Macao SAR) and Taiwan Province of China.","United Nations Population Division, New York, World Population Prospects: The 2019 Revision; supplemented by data from the United Nations Statistics Division, New York, Demographic Yearbook 2019 and Secretariat for the Pacific Community (SPC) for small countries or areas, last accessed June 2021."
344,"China, Hong Kong SAR",2020,Life expectancy at birth for both sexes (years),84.6,Data refers to a 5-year period preceding the reference year.,"United Nations Population Division, New York, World Population Prospects: The 2019 Revision; supplemented by data from the United Nations Statistics Division, New York, Demographic Yearbook 2019 and Secretariat for the Pacific Community (SPC) for small countries or areas, last accessed June 2021."
446,"China, Macao SAR",2020,Life expectancy at birth for both sexes (years),84,Data refers to a 5-year period preceding the reference year.,"United Nations Population Division, New York, World Population Prospects: The 2019 Revision; supplemented by data from the United Nations Statistics Division, New York, Demographic Yearbook 2019 and Secretariat for the Pacific Community (SPC) for small countries or areas, last accessed June 2021."
170,Colombia,2020,Life expectancy at birth for both sexes (years),77,Data refers to a 5-year period preceding the reference year.,"United Nations Population Division, New York, World Population Prospects: The 2019 Revision; supplemented by data from the United Nations Statistics Division, New York, Demographic Yearbook 2019 and Secretariat for the Pacific Community (SPC) for small countries or areas, last accessed June 2021."
174,Comoros,2020,Life expectancy at birth for both sexes (years),64,Data refers to a 5-year period preceding the reference year.,"United Nations Population Division, New York, World Population Prospects: The 2019 Revision; supplemented by data from the United Nations Statistics Division, New York, Demographic Yearbook 2019 and Secretariat for the Pacific Community (SPC) for small countries or areas, last accessed June 2021."
178,Congo,2020,Life expectancy at birth for both sexes (years),64.2,Data refers to a 5-year period preceding the reference year.,"United Nations Population Division, New York, World Population Prospects: The 2019 Revision; supplemented by data from the United Nations Statistics Division, New York, Demographic Yearbook 2019 and Secretariat for the Pacific Community (SPC) for small countries or areas, last accessed June 2021."
188,Costa Rica,2020,Life expectancy at birth for both sexes (years),80,Data refers to a 5-year period preceding the reference year.,"United Nations Population Division, New York, World Population Prospects: The 2019 Revision; supplemented by data from the United Nations Statistics Division, New York, Demographic Yearbook 2019 and Secretariat for the Pacific Community (SPC) for small countries or areas, last accessed June 2021."
384,Côte d’Ivoire,2020,Life expectancy at birth for both sexes (years),57.2,Data refers to a 5-year period preceding the reference year.,"United Nations Population Division, New York, World Population Prospects: The 2019 Revision; supplemented by data from the United Nations Statistics Division, New York, Demographic Yearbook 2019 and Secretariat for the Pacific Community (SPC) for small countries or areas, last accessed June 2021."
191,Croatia,2020,Life expectancy at birth for both sexes (years),78.2,Data refers to a 5-year period preceding the reference year.,"United Nations Population Division, New York, World Population Prospects: The 2019 Revision; supplemented by data from the United Nations Statistics Division, New York, Demographic Yearbook 2019 and Secretariat for the Pacific Community (SPC) for small countries or areas, last accessed June 2021."
192,Cuba,2020,Life expectancy at birth for both sexes (years),78.7,Data refers to a 5-year period preceding the reference year.,"United Nations Population Division, New York, World Population Prospects: The 2019 Revision; supplemented by data from the United Nations Statistics Division, New York, Demographic Yearbook 2019 and Secretariat for the Pacific Community (SPC) for small countries or areas, last accessed June 2021."
531,Curaçao,2020,Life expectancy at birth for both sexes (years),78.6,Data refers to a 5-year period preceding the reference year.,"United Nations Population Division, New York, World Population Prospects: The 2019 Revision; supplemented by data from the United Nations Statistics Division, New York, Demographic Yearbook 2019 and Secretariat for the Pacific Community (SPC) for small countries or areas, last accessed June 2021."
196,Cyprus,2020,Life expectancy at birth for both sexes (years),80.7,Data refers to a 5-year period preceding the reference year.;Refers to the whole country.,"United Nations Population Division, New York, World Population Prospects: The 2019 Revision; supplemented by data from the United Nations Statistics Division, New York, Demographic Yearbook 2019 and Secretariat for the Pacific Community (SPC) for small countries or areas, last accessed June 2021."
203,Czechia,2020,Life expectancy at birth for both sexes (years),79.1,Data refers to a 5-year period preceding the reference year.,"United Nations Population Division, New York, World Population Prospects: The 2019 Revision; supplemented by data from the United Nations Statistics Division, New York, Demographic Yearbook 2019 and Secretariat for the Pacific Community (SPC) for small countries or areas, last accessed June 2021."
408,Dem. People's Rep. Korea,2020,Life expectancy at birth for both sexes (years),72,Data refers to a 5-year period preceding the reference year.,"United Nations Population Division, New York, World Population Prospects: The 2019 Revision; supplemented by data from the United Nations Statistics Division, New York, Demographic Yearbook 2019 and Secretariat for the Pacific Community (SPC) for small countries or areas, last accessed June 2021."
180,Dem. Rep. of the Congo,2020,Life expectancy at birth for both sexes (years),60.2,Data refers to a 5-year period preceding the reference year.,"United Nations Population Division, New York, World Population Prospects: The 2019 Revision; supplemented by data from the United Nations Statistics Division, New York, Demographic Yearbook 2019 and Secretariat for the Pacific Community (SPC) for small countries or areas, last accessed June 2021."
208,Denmark,2020,Life expectancy at birth for both sexes (years),80.7,"Data refers to a 5-year period preceding the reference year.;For statistical purposes, the data for Denmark do not include Faroe Islands, and Greenland.","United Nations Population Division, New York, World Population Prospects: The 2019 Revision; supplemented by data from the United Nations Statistics Division, New York, Demographic Yearbook 2019 and Secretariat for the Pacific Community (SPC) for small countries or areas, last accessed June 2021."
262,Djibouti,2020,Life expectancy at birth for both sexes (years),66.5,Data refers to a 5-year period preceding the reference year.,"United Nations Population Division, New York, World Population Prospects: The 2019 Revision; supplemented by data from the United Nations Statistics Division, New York, Demographic Yearbook 2019 and Secretariat for the Pacific Community (SPC) for small countries or areas, last accessed June 2021."
214,Dominican Republic,2020,Life expectancy at birth for both sexes (years),73.8,Data refers to a 5-year period preceding the reference year.,"United Nations Population Division, New York, World Population Prospects: The 2019 Revision; supplemented by data from the United Nations Statistics Division, New York, Demographic Yearbook 2019 and Secretariat for the Pacific Community (SPC) for small countries or areas, last accessed June 2021."
218,Ecuador,2020,Life expectancy at birth for both sexes (years),76.7,Data refers to a 5-year period preceding the reference year.,"United Nations Population Division, New York, World Population Prospects: The 2019 Revision; supplemented by data from the United Nations Statistics Division, New York, Demographic Yearbook 2019 and Secretariat for the Pacific Community (SPC) for small countries or areas, last accessed June 2021."
818,Egypt,2020,Life expectancy at birth for both sexes (years),71.7,Data refers to a 5-year period preceding the reference year.,"United Nations Population Division, New York, World Population Prospects: The 2019 Revision; supplemented by data from the United Nations Statistics Division, New York, Demographic Yearbook 2019 and Secretariat for the Pacific Community (SPC) for small countries or areas, last accessed June 2021."
222,El Salvador,2020,Life expectancy at birth for both sexes (years),73,Data refers to a 5-year period preceding the reference year.,"United Nations Population Division, New York, World Population Prospects: The 2019 Revision; supplemented by data from the United Nations Statistics Division, New York, Demographic Yearbook 2019 and Secretariat for the Pacific Community (SPC) for small countries or areas, last accessed June 2021."
226,Equatorial Guinea,2020,Life expectancy at birth for both sexes (years),58.2,Data refers to a 5-year period preceding the reference year.,"United Nations Population Division, New York, World Population Prospects: The 2019 Revision; supplemented by data from the United Nations Statistics Division, New York, Demographic Yearbook 2019 and Secretariat for the Pacific Community (SPC) for small countries or areas, last accessed June 2021."
232,Eritrea,2020,Life expectancy at birth for both sexes (years),65.7,Data refers to a 5-year period preceding the reference year.,"United Nations Population Division, New York, World Population Prospects: The 2019 Revision; supplemented by data from the United Nations Statistics Division, New York, Demographic Yearbook 2019 and Secretariat for the Pacific Community (SPC) for small countries or areas, last accessed June 2021."
233,Estonia,2020,Life expectancy at birth for both sexes (years),78.5,Data refers to a 5-year period preceding the reference year.,"United Nations Population Division, New York, World Population Prospects: The 2019 Revision; supplemented by data from the United Nations Statistics Division, New York, Demographic Yearbook 2019 and Secretariat for the Pacific Community (SPC) for small countries or areas, last accessed June 2021."
748,Eswatini,2020,Life expectancy at birth for both sexes (years),59.3,Data refers to a 5-year period preceding the reference year.,"United Nations Population Division, New York, World Population Prospects: The 2019 Revision; supplemented by data from the United Nations Statistics Division, New York, Demographic Yearbook 2019 and Secretariat for the Pacific Community (SPC) for small countries or areas, last accessed June 2021."
231,Ethiopia,2020,Life expectancy at birth for both sexes (years),66,Data refers to a 5-year period preceding the reference year.,"United Nations Population Division, New York, World Population Prospects: The 2019 Revision; supplemented by data from the United Nations Statistics Division, New York, Demographic Yearbook 2019 and Secretariat for the Pacific Community (SPC) for small countries or areas, last accessed June 2021."
242,Fiji,2020,Life expectancy at birth for both sexes (years),67.3,Data refers to a 5-year period preceding the reference year.,"United Nations Population Division, New York, World Population Prospects: The 2019 Revision; supplemented by data from the United Nations Statistics Division, New York, Demographic Yearbook 2019 and Secretariat for the Pacific Community (SPC) for small countries or areas, last accessed June 2021."
246,Finland,2020,Life expectancy at birth for both sexes (years),81.6,Data refers to a 5-year period preceding the reference year.;Including Åland Islands.,"United Nations Population Division, New York, World Population Prospects: The 2019 Revision; supplemented by data from the United Nations Statistics Division, New York, Demographic Yearbook 2019 and Secretariat for the Pacific Community (SPC) for small countries or areas, last accessed June 2021."
250,France,2020,Life expectancy at birth for both sexes (years),82.5,Data refers to a 5-year period preceding the reference year.,"United Nations Population Division, New York, World Population Prospects: The 2019 Revision; supplemented by data from the United Nations Statistics Division, New York, Demographic Yearbook 2019 and Secretariat for the Pacific Community (SPC) for small countries or areas, last accessed June 2021."
254,French Guiana,2020,Life expectancy at birth for both sexes (years),79.7,Data refers to a 5-year period preceding the reference year.,"United Nations Population Division, New York, World Population Prospects: The 2019 Revision; supplemented by data from the United Nations Statistics Division, New York, Demographic Yearbook 2019 and Secretariat for the Pacific Community (SPC) for small countries or areas, last accessed June 2021."
258,French Polynesia,2020,Life expectancy at birth for both sexes (years),77.4,Data refers to a 5-year period preceding the reference year.,"United Nations Population Division, New York, World Population Prospects: The 2019 Revision; supplemented by data from the United Nations Statistics Division, New York, Demographic Yearbook 2019 and Secretariat for the Pacific Community (SPC) for small countries or areas, last accessed June 2021."
266,Gabon,2020,Life expectancy at birth for both sexes (years),66.1,Data refers to a 5-year period preceding the reference year.,"United Nations Population Division, New York, World Population Prospects: The 2019 Revision; supplemented by data from the United Nations Statistics Division, New York, Demographic Yearbook 2019 and Secretariat for the Pacific Community (SPC) for small countries or areas, last accessed June 2021."
270,Gambia,2020,Life expectancy at birth for both sexes (years),61.5,Data refers to a 5-year period preceding the reference year.,"United Nations Population Division, New York, World Population Prospects: The 2019 Revision; supplemented by data from the United Nations Statistics Division, New York, Demographic Yearbook 2019 and Secretariat for the Pacific Community (SPC) for small countries or areas, last accessed June 2021."
268,Georgia,2020,Life expectancy at birth for both sexes (years),73.5,Data refers to a 5-year period preceding the reference year.;Including Abkhazia and South Ossetia.,"United Nations Population Division, New York, World Population Prospects: The 2019 Revision; supplemented by data from the United Nations Statistics Division, New York, Demographic Yearbook 2019 and Secretariat for the Pacific Community (SPC) for small countries or areas, last accessed June 2021."
276,Germany,2020,Life expectancy at birth for both sexes (years),81.1,Data refers to a 5-year period preceding the reference year.,"United Nations Population Division, New York, World Population Prospects: The 2019 Revision; supplemented by data from the United Nations Statistics Division, New York, Demographic Yearbook 2019 and Secretariat for the Pacific Community (SPC) for small countries or areas, last accessed June 2021."
288,Ghana,2020,Life expectancy at birth for both sexes (years),63.7,Data refers to a 5-year period preceding the reference year.,"United Nations Population Division, New York, World Population Prospects: The 2019 Revision; supplemented by data from the United Nations Statistics Division, New York, Demographic Yearbook 2019 and Secretariat for the Pacific Community (SPC) for small countries or areas, last accessed June 2021."
300,Greece,2020,Life expectancy at birth for both sexes (years),82,Data refers to a 5-year period preceding the reference year.,"United Nations Population Division, New York, World Population Prospects: The 2019 Revision; supplemented by data from the United Nations Statistics Division, New York, Demographic Yearbook 2019 and Secretariat for the Pacific Community (SPC) for small countries or areas, last accessed June 2021."
308,Grenada,2020,Life expectancy at birth for both sexes (years),72.4,Data refers to a 5-year period preceding the reference year.,"United Nations Population Division, New York, World Population Prospects: The 2019 Revision; supplemented by data from the United Nations Statistics Division, New York, Demographic Yearbook 2019 and Secretariat for the Pacific Community (SPC) for small countries or areas, last accessed June 2021."
312,Guadeloupe,2020,Life expectancy at birth for both sexes (years),81.8,Data refers to a 5-year period preceding the reference year.,"United Nations Population Division, New York, World Population Prospects: The 2019 Revision; supplemented by data from the United Nations Statistics Division, New York, Demographic Yearbook 2019 and Secretariat for the Pacific Community (SPC) for small countries or areas, last accessed June 2021."
316,Guam,2020,Life expectancy at birth for both sexes (years),79.8,Data refers to a 5-year period preceding the reference year.,"United Nations Population Division, New York, World Population Prospects: The 2019 Revision; supplemented by data from the United Nations Statistics Division, New York, Demographic Yearbook 2019 and Secretariat for the Pacific Community (SPC) for small countries or areas, last accessed June 2021."
320,Guatemala,2020,Life expectancy at birth for both sexes (years),73.9,Data refers to a 5-year period preceding the reference year.,"United Nations Population Division, New York, World Population Prospects: The 2019 Revision; supplemented by data from the United Nations Statistics Division, New York, Demographic Yearbook 2019 and Secretariat for the Pacific Community (SPC) for small countries or areas, last accessed June 2021."
324,Guinea,2020,Life expectancy at birth for both sexes (years),61,Data refers to a 5-year period preceding the reference year.,"United Nations Population Division, New York, World Population Prospects: The 2019 Revision; supplemented by data from the United Nations Statistics Division, New York, Demographic Yearbook 2019 and Secretariat for the Pacific Community (SPC) for small countries or areas, last accessed June 2021."
624,Guinea-Bissau,2020,Life expectancy at birth for both sexes (years),57.8,Data refers to a 5-year period preceding the reference year.,"United Nations Population Division, New York, World Population Prospects: The 2019 Revision; supplemented by data from the United Nations Statistics Division, New York, Demographic Yearbook 2019 and Secretariat for the Pacific Community (SPC) for small countries or areas, last accessed June 2021."
328,Guyana,2020,Life expectancy at birth for both sexes (years),69.7,Data refers to a 5-year period preceding the reference year.,"United Nations Population Division, New York, World Population Prospects: The 2019 Revision; supplemented by data from the United Nations Statistics Division, New York, Demographic Yearbook 2019 and Secretariat for the Pacific Community (SPC) for small countries or areas, last accessed June 2021."
332,Haiti,2020,Life expectancy at birth for both sexes (years),63.5,Data refers to a 5-year period preceding the reference year.,"United Nations Population Division, New York, World Population Prospects: The 2019 Revision; supplemented by data from the United Nations Statistics Division, New York, Demographic Yearbook 2019 and Secretariat for the Pacific Community (SPC) for small countries or areas, last accessed June 2021."
340,Honduras,2020,Life expectancy at birth for both sexes (years),75,Data refers to a 5-year period preceding the reference year.,"United Nations Population Division, New York, World Population Prospects: The 2019 Revision; supplemented by data from the United Nations Statistics Division, New York, Demographic Yearbook 2019 and Secretariat for the Pacific Community (SPC) for small countries or areas, last accessed June 2021."
348,Hungary,2020,Life expectancy at birth for both sexes (years),76.6,Data refers to a 5-year period preceding the reference year.,"United Nations Population Division, New York, World Population Prospects: The 2019 Revision; supplemented by data from the United Nations Statistics Division, New York, Demographic Yearbook 2019 and Secretariat for the Pacific Community (SPC) for small countries or areas, last accessed June 2021."
352,Iceland,2020,Life expectancy at birth for both sexes (years),82.8,Data refers to a 5-year period preceding the reference year.,"United Nations Population Division, New York, World Population Prospects: The 2019 Revision; supplemented by data from the United Nations Statistics Division, New York, Demographic Yearbook 2019 and Secretariat for the Pacific Community (SPC) for small countries or areas, last accessed June 2021."
356,India,2020,Life expectancy at birth for both sexes (years),69.3,Data refers to a 5-year period preceding the reference year.,"United Nations Population Division, New York, World Population Prospects: The 2019 Revision; supplemented by data from the United Nations Statistics Division, New York, Demographic Yearbook 2019 and Secretariat for the Pacific Community (SPC) for small countries or areas, last accessed June 2021."
360,Indonesia,2020,Life expectancy at birth for both sexes (years),71.4,Data refers to a 5-year period preceding the reference year.,"United Nations Population Division, New York, World Population Prospects: The 2019 Revision; supplemented by data from the United Nations Statistics Division, New York, Demographic Yearbook 2019 and Secretariat for the Pacific Community (SPC) for small countries or areas, last accessed June 2021."
364,Iran (Islamic Republic of),2020,Life expectancy at birth for both sexes (years),76.3,Data refers to a 5-year period preceding the reference year.,"United Nations Population Division, New York, World Population Prospects: The 2019 Revision; supplemented by data from the United Nations Statistics Division, New York, Demographic Yearbook 2019 and Secretariat for the Pacific Community (SPC) for small countries or areas, last accessed June 2021."
368,Iraq,2020,Life expectancy at birth for both sexes (years),70.4,Data refers to a 5-year period preceding the reference year.,"United Nations Population Division, New York, World Population Prospects: The 2019 Revision; supplemented by data from the United Nations Statistics Division, New York, Demographic Yearbook 2019 and Secretariat for the Pacific Community (SPC) for small countries or areas, last accessed June 2021."
372,Ireland,2020,Life expectancy at birth for both sexes (years),82,Data refers to a 5-year period preceding the reference year.,"United Nations Population Division, New York, World Population Prospects: The 2019 Revision; supplemented by data from the United Nations Statistics Division, New York, Demographic Yearbook 2019 and Secretariat for the Pacific Community (SPC) for small countries or areas, last accessed June 2021."
376,Israel,2020,Life expectancy at birth for both sexes (years),82.7,Data refers to a 5-year period preceding the reference year.,"United Nations Population Division, New York, World Population Prospects: The 2019 Revision; supplemented by data from the United Nations Statistics Division, New York, Demographic Yearbook 2019 and Secretariat for the Pacific Community (SPC) for small countries or areas, last accessed June 2021."
380,Italy,2020,Life expectancy at birth for both sexes (years),83.3,Data refers to a 5-year period preceding the reference year.,"United Nations Population Division, New York, World Population Prospects: The 2019 Revision; supplemented by data from the United Nations Statistics Division, New York, Demographic Yearbook 2019 and Secretariat for the Pacific Community (SPC) for small countries or areas, last accessed June 2021."
388,Jamaica,2020,Life expectancy at birth for both sexes (years),74.3,Data refers to a 5-year period preceding the reference year.,"United Nations Population Division, New York, World Population Prospects: The 2019 Revision; supplemented by data from the United Nations Statistics Division, New York, Demographic Yearbook 2019 and Secretariat for the Pacific Community (SPC) for small countries or areas, last accessed June 2021."
392,Japan,2020,Life expectancy at birth for both sexes (years),84.4,Data refers to a 5-year period preceding the reference year.,"United Nations Population Division, New York, World Population Prospects: The 2019 Revision; supplemented by data from the United Nations Statistics Division, New York, Demographic Yearbook 2019 and Secretariat for the Pacific Community (SPC) for small countries or areas, last accessed June 2021."
400,Jordan,2020,Life expectancy at birth for both sexes (years),74.3,Data refers to a 5-year period preceding the reference year.,"United Nations Population Division, New York, World Population Prospects: The 2019 Revision; supplemented by data from the United Nations Statistics Division, New York, Demographic Yearbook 2019 and Secretariat for the Pacific Community (SPC) for small countries or areas, last accessed June 2021."
398,Kazakhstan,2020,Life expectancy at birth for both sexes (years),73.2,Data refers to a 5-year period preceding the reference year.,"United Nations Population Division, New York, World Population Prospects: The 2019 Revision; supplemented by data from the United Nations Statistics Division, New York, Demographic Yearbook 2019 and Secretariat for the Pacific Community (SPC) for small countries or areas, last accessed June 2021."
404,Kenya,2020,Life expectancy at birth for both sexes (years),66.2,Data refers to a 5-year period preceding the reference year.,"United Nations Population Division, New York, World Population Prospects: The 2019 Revision; supplemented by data from the United Nations Statistics Division, New York, Demographic Yearbook 2019 and Secretariat for the Pacific Community (SPC) for small countries or areas, last accessed June 2021."
296,Kiribati,2020,Life expectancy at birth for both sexes (years),68,Data refers to a 5-year period preceding the reference year.,"United Nations Population Division, New York, World Population Prospects: The 2019 Revision; supplemented by data from the United Nations Statistics Division, New York, Demographic Yearbook 2019 and Secretariat for the Pacific Community (SPC) for small countries or areas, last accessed June 2021."
414,Kuwait,2020,Life expectancy at birth for both sexes (years),75.3,Data refers to a 5-year period preceding the reference year.,"United Nations Population Division, New York, World Population Prospects: The 2019 Revision; supplemented by data from the United Nations Statistics Division, New York, Demographic Yearbook 2019 and Secretariat for the Pacific Community (SPC) for small countries or areas, last accessed June 2021."
417,Kyrgyzstan,2020,Life expectancy at birth for both sexes (years),71.2,Data refers to a 5-year period preceding the reference year.,"United Nations Population Division, New York, World Population Prospects: The 2019 Revision; supplemented by data from the United Nations Statistics Division, New York, Demographic Yearbook 2019 and Secretariat for the Pacific Community (SPC) for small countries or areas, last accessed June 2021."
418,Lao People's Dem. Rep.,2020,Life expectancy at birth for both sexes (years),67.4,Data refers to a 5-year period preceding the reference year.,"United Nations Population Division, New York, World Population Prospects: The 2019 Revision; supplemented by data from the United Nations Statistics Division, New York, Demographic Yearbook 2019 and Secretariat for the Pacific Community (SPC) for small countries or areas, last accessed June 2021."
428,Latvia,2020,Life expectancy at birth for both sexes (years),75.1,Data refers to a 5-year period preceding the reference year.,"United Nations Population Division, New York, World Population Prospects: The 2019 Revision; supplemented by data from the United Nations Statistics Division, New York, Demographic Yearbook 2019 and Secretariat for the Pacific Community (SPC) for small countries or areas, last accessed June 2021."
422,Lebanon,2020,Life expectancy at birth for both sexes (years),78.8,Data refers to a 5-year period preceding the reference year.,"United Nations Population Division, New York, World Population Prospects: The 2019 Revision; supplemented by data from the United Nations Statistics Division, New York, Demographic Yearbook 2019 and Secretariat for the Pacific Community (SPC) for small countries or areas, last accessed June 2021."
426,Lesotho,2020,Life expectancy at birth for both sexes (years),53.5,Data refers to a 5-year period preceding the reference year.,"United Nations Population Division, New York, World Population Prospects: The 2019 Revision; supplemented by data from the United Nations Statistics Division, New York, Demographic Yearbook 2019 and Secretariat for the Pacific Community (SPC) for small countries or areas, last accessed June 2021."
430,Liberia,2020,Life expectancy at birth for both sexes (years),63.6,Data refers to a 5-year period preceding the reference year.,"United Nations Population Division, New York, World Population Prospects: The 2019 Revision; supplemented by data from the United Nations Statistics Division, New York, Demographic Yearbook 2019 and Secretariat for the Pacific Community (SPC) for small countries or areas, last accessed June 2021."
434,Libya,2020,Life expectancy at birth for both sexes (years),72.7,Data refers to a 5-year period preceding the reference year.,"United Nations Population Division, New York, World Population Prospects: The 2019 Revision; supplemented by data from the United Nations Statistics Division, New York, Demographic Yearbook 2019 and Secretariat for the Pacific Community (SPC) for small countries or areas, last accessed June 2021."
440,Lithuania,2020,Life expectancy at birth for both sexes (years),75.7,Data refers to a 5-year period preceding the reference year.,"United Nations Population Division, New York, World Population Prospects: The 2019 Revision; supplemented by data from the United Nations Statistics Division, New York, Demographic Yearbook 2019 and Secretariat for the Pacific Community (SPC) for small countries or areas, last accessed June 2021."
442,Luxembourg,2020,Life expectancy at birth for both sexes (years),82,Data refers to a 5-year period preceding the reference year.,"United Nations Population Division, New York, World Population Prospects: The 2019 Revision; supplemented by data from the United Nations Statistics Division, New York, Demographic Yearbook 2019 and Secretariat for the Pacific Community (SPC) for small countries or areas, last accessed June 2021."
450,Madagascar,2020,Life expectancy at birth for both sexes (years),66.5,Data refers to a 5-year period preceding the reference year.,"United Nations Population Division, New York, World Population Prospects: The 2019 Revision; supplemented by data from the United Nations Statistics Division, New York, Demographic Yearbook 2019 and Secretariat for the Pacific Community (SPC) for small countries or areas, last accessed June 2021."
454,Malawi,2020,Life expectancy at birth for both sexes (years),63.4,Data refers to a 5-year period preceding the reference year.,"United Nations Population Division, New York, World Population Prospects: The 2019 Revision; supplemented by data from the United Nations Statistics Division, New York, Demographic Yearbook 2019 and Secretariat for the Pacific Community (SPC) for small countries or areas, last accessed June 2021."
458,Malaysia,2020,Life expectancy at birth for both sexes (years),75.9,Data refers to a 5-year period preceding the reference year.;Including Sabah and Sarawak.,"United Nations Population Division, New York, World Population Prospects: The 2019 Revision; supplemented by data from the United Nations Statistics Division, New York, Demographic Yearbook 2019 and Secretariat for the Pacific Community (SPC) for small countries or areas, last accessed June 2021."
462,Maldives,2020,Life expectancy at birth for both sexes (years),78.5,Data refers to a 5-year period preceding the reference year.,"United Nations Population Division, New York, World Population Prospects: The 2019 Revision; supplemented by data from the United Nations Statistics Division, New York, Demographic Yearbook 2019 and Secretariat for the Pacific Community (SPC) for small countries or areas, last accessed June 2021."
466,Mali,2020,Life expectancy at birth for both sexes (years),58.7,Data refers to a 5-year period preceding the reference year.,"United Nations Population Division, New York, World Population Prospects: The 2019 Revision; supplemented by data from the United Nations Statistics Division, New York, Demographic Yearbook 2019 and Secretariat for the Pacific Community (SPC) for small countries or areas, last accessed June 2021."
470,Malta,2020,Life expectancy at birth for both sexes (years),82.3,Data refers to a 5-year period preceding the reference year.,"United Nations Population Division, New York, World Population Prospects: The 2019 Revision; supplemented by data from the United Nations Statistics Division, New York, Demographic Yearbook 2019 and Secretariat for the Pacific Community (SPC) for small countries or areas, last accessed June 2021."
474,Martinique,2020,Life expectancy at birth for both sexes (years),82.3,Data refers to a 5-year period preceding the reference year.,"United Nations Population Division, New York, World Population Prospects: The 2019 Revision; supplemented by data from the United Nations Statistics Division, New York, Demographic Yearbook 2019 and Secretariat for the Pacific Community (SPC) for small countries or areas, last accessed June 2021."
478,Mauritania,2020,Life expectancy at birth for both sexes (years),64.6,Data refers to a 5-year period preceding the reference year.,"United Nations Population Division, New York, World Population Prospects: The 2019 Revision; supplemented by data from the United Nations Statistics Division, New York, Demographic Yearbook 2019 and Secretariat for the Pacific Community (SPC) for small countries or areas, last accessed June 2021."
480,Mauritius,2020,Life expectancy at birth for both sexes (years),74.8,"Data refers to a 5-year period preceding the reference year.;Including Agalega, Rodrigues and Saint Brandon.","United Nations Population Division, New York, World Population Prospects: The 2019 Revision; supplemented by data from the United Nations Statistics Division, New York, Demographic Yearbook 2019 and Secretariat for the Pacific Community (SPC) for small countries or areas, last accessed June 2021."
175,Mayotte,2020,Life expectancy at birth for both sexes (years),79.3,Data refers to a 5-year period preceding the reference year.,"United Nations Population Division, New York, World Population Prospects: The 2019 Revision; supplemented by data from the United Nations Statistics Division, New York, Demographic Yearbook 2019 and Secretariat for the Pacific Community (SPC) for small countries or areas, last accessed June 2021."
484,Mexico,2020,Life expectancy at birth for both sexes (years),75,Data refers to a 5-year period preceding the reference year.,"United Nations Population Division, New York, World Population Prospects: The 2019 Revision; supplemented by data from the United Nations Statistics Division, New York, Demographic Yearbook 2019 and Secretariat for the Pacific Community (SPC) for small countries or areas, last accessed June 2021."
583,Micronesia (Fed. States of),2020,Life expectancy at birth for both sexes (years),67.7,Data refers to a 5-year period preceding the reference year.,"United Nations Population Division, New York, World Population Prospects: The 2019 Revision; supplemented by data from the United Nations Statistics Division, New York, Demographic Yearbook 2019 and Secretariat for the Pacific Community (SPC) for small countries or areas, last accessed June 2021."
496,Mongolia,2020,Life expectancy at birth for both sexes (years),69.5,Data refers to a 5-year period preceding the reference year.,"United Nations Population Division, New York, World Population Prospects: The 2019 Revision; supplemented by data from the United Nations Statistics Division, New York, Demographic Yearbook 2019 and Secretariat for the Pacific Community (SPC) for small countries or areas, last accessed June 2021."
499,Montenegro,2020,Life expectancy at birth for both sexes (years),76.7,Data refers to a 5-year period preceding the reference year.,"United Nations Population Division, New York, World Population Prospects: The 2019 Revision; supplemented by data from the United Nations Statistics Division, New York, Demographic Yearbook 2019 and Secretariat for the Pacific Community (SPC) for small countries or areas, last accessed June 2021."
504,Morocco,2020,Life expectancy at birth for both sexes (years),76.3,Data refers to a 5-year period preceding the reference year.,"United Nations Population Division, New York, World Population Prospects: The 2019 Revision; supplemented by data from the United Nations Statistics Division, New York, Demographic Yearbook 2019 and Secretariat for the Pacific Community (SPC) for small countries or areas, last accessed June 2021."
508,Mozambique,2020,Life expectancy at birth for both sexes (years),60.1,Data refers to a 5-year period preceding the reference year.,"United Nations Population Division, New York, World Population Prospects: The 2019 Revision; supplemented by data from the United Nations Statistics Division, New York, Demographic Yearbook 2019 and Secretariat for the Pacific Community (SPC) for small countries or areas, last accessed June 2021."
104,Myanmar,2020,Life expectancy at birth for both sexes (years),66.8,Data refers to a 5-year period preceding the reference year.,"United Nations Population Division, New York, World Population Prospects: The 2019 Revision; supplemented by data from the United Nations Statistics Division, New York, Demographic Yearbook 2019 and Secretariat for the Pacific Community (SPC) for small countries or areas, last accessed June 2021."
516,Namibia,2020,Life expectancy at birth for both sexes (years),63,Data refers to a 5-year period preceding the reference year.,"United Nations Population Division, New York, World Population Prospects: The 2019 Revision; supplemented by data from the United Nations Statistics Division, New York, Demographic Yearbook 2019 and Secretariat for the Pacific Community (SPC) for small countries or areas, last accessed June 2021."
524,Nepal,2020,Life expectancy at birth for both sexes (years),70.3,Data refers to a 5-year period preceding the reference year.,"United Nations Population Division, New York, World Population Prospects: The 2019 Revision; supplemented by data from the United Nations Statistics Division, New York, Demographic Yearbook 2019 and Secretariat for the Pacific Community (SPC) for small countries or areas, last accessed June 2021."
528,Netherlands,2020,Life expectancy at birth for both sexes (years),82.1,Data refers to a 5-year period preceding the reference year.,"United Nations Population Division, New York, World Population Prospects: The 2019 Revision; supplemented by data from the United Nations Statistics Division, New York, Demographic Yearbook 2019 and Secretariat for the Pacific Community (SPC) for small countries or areas, last accessed June 2021."
540,New Caledonia,2020,Life expectancy at birth for both sexes (years),77.3,Data refers to a 5-year period preceding the reference year.,"United Nations Population Division, New York, World Population Prospects: The 2019 Revision; supplemented by data from the United Nations Statistics Division, New York, Demographic Yearbook 2019 and Secretariat for the Pacific Community (SPC) for small countries or areas, last accessed June 2021."
554,New Zealand,2020,Life expectancy at birth for both sexes (years),82.1,Data refers to a 5-year period preceding the reference year.,"United Nations Population Division, New York, World Population Prospects: The 2019 Revision; supplemented by data from the United Nations Statistics Division, New York, Demographic Yearbook 2019 and Secretariat for the Pacific Community (SPC) for small countries or areas, last accessed June 2021."
558,Nicaragua,2020,Life expectancy at birth for both sexes (years),74.2,Data refers to a 5-year period preceding the reference year.,"United Nations Population Division, New York, World Population Prospects: The 2019 Revision; supplemented by data from the United Nations Statistics Division, New York, Demographic Yearbook 2019 and Secretariat for the Pacific Community (SPC) for small countries or areas, last accessed June 2021."
562,Niger,2020,Life expectancy at birth for both sexes (years),61.8,Data refers to a 5-year period preceding the reference year.,"United Nations Population Division, New York, World Population Prospects: The 2019 Revision; supplemented by data from the United Nations Statistics Division, New York, Demographic Yearbook 2019 and Secretariat for the Pacific Community (SPC) for small countries or areas, last accessed June 2021."
566,Nigeria,2020,Life expectancy at birth for both sexes (years),54.2,Data refers to a 5-year period preceding the reference year.,"United Nations Population Division, New York, World Population Prospects: The 2019 Revision; supplemented by data from the United Nations Statistics Division, New York, Demographic Yearbook 2019 and Secretariat for the Pacific Community (SPC) for small countries or areas, last accessed June 2021."
578,Norway,2020,Life expectancy at birth for both sexes (years),82.2,Data refers to a 5-year period preceding the reference year.;Including Svalbard and Jan Mayen Islands.,"United Nations Population Division, New York, World Population Prospects: The 2019 Revision; supplemented by data from the United Nations Statistics Division, New York, Demographic Yearbook 2019 and Secretariat for the Pacific Community (SPC) for small countries or areas, last accessed June 2021."
512,Oman,2020,Life expectancy at birth for both sexes (years),77.5,Data refers to a 5-year period preceding the reference year.,"United Nations Population Division, New York, World Population Prospects: The 2019 Revision; supplemented by data from the United Nations Statistics Division, New York, Demographic Yearbook 2019 and Secretariat for the Pacific Community (SPC) for small countries or areas, last accessed June 2021."
158,Other non-specified areas,2020,Life expectancy at birth for both sexes (years),80.2,Data refers to a 5-year period preceding the reference year.,"United Nations Population Division, New York, World Population Prospects: The 2019 Revision; supplemented by data from the United Nations Statistics Division, New York, Demographic Yearbook 2019 and Secretariat for the Pacific Community (SPC) for small countries or areas, last accessed June 2021."
586,Pakistan,2020,Life expectancy at birth for both sexes (years),67,Data refers to a 5-year period preceding the reference year.,"United Nations Population Division, New York, World Population Prospects: The 2019 Revision; supplemented by data from the United Nations Statistics Division, New York, Demographic Yearbook 2019 and Secretariat for the Pacific Community (SPC) for small countries or areas, last accessed June 2021."
591,Panama,2020,Life expectancy at birth for both sexes (years),78.2,Data refers to a 5-year period preceding the reference year.,"United Nations Population Division, New York, World Population Prospects: The 2019 Revision; supplemented by data from the United Nations Statistics Division, New York, Demographic Yearbook 2019 and Secretariat for the Pacific Community (SPC) for small countries or areas, last accessed June 2021."
598,Papua New Guinea,2020,Life expectancy at birth for both sexes (years),64.2,Data refers to a 5-year period preceding the reference year.,"United Nations Population Division, New York, World Population Prospects: The 2019 Revision; supplemented by data from the United Nations Statistics Division, New York, Demographic Yearbook 2019 and Secretariat for the Pacific Community (SPC) for small countries or areas, last accessed June 2021."
600,Paraguay,2020,Life expectancy at birth for both sexes (years),74.1,Data refers to a 5-year period preceding the reference year.,"United Nations Population Division, New York, World Population Prospects: The 2019 Revision; supplemented by data from the United Nations Statistics Division, New York, Demographic Yearbook 2019 and Secretariat for the Pacific Community (SPC) for small countries or areas, last accessed June 2021."
604,Peru,2020,Life expectancy at birth for both sexes (years),76.4,Data refers to a 5-year period preceding the reference year.,"United Nations Population Division, New York, World Population Prospects: The 2019 Revision; supplemented by data from the United Nations Statistics Division, New York, Demographic Yearbook 2019 and Secretariat for the Pacific Community (SPC) for small countries or areas, last accessed June 2021."
608,Philippines,2020,Life expectancy at birth for both sexes (years),71,Data refers to a 5-year period preceding the reference year.,"United Nations Population Division, New York, World Population Prospects: The 2019 Revision; supplemented by data from the United Nations Statistics Division, New York, Demographic Yearbook 2019 and Secretariat for the Pacific Community (SPC) for small countries or areas, last accessed June 2021."
616,Poland,2020,Life expectancy at birth for both sexes (years),78.5,Data refers to a 5-year period preceding the reference year.,"United Nations Population Division, New York, World Population Prospects: The 2019 Revision; supplemented by data from the United Nations Statistics Division, New York, Demographic Yearbook 2019 and Secretariat for the Pacific Community (SPC) for small countries or areas, last accessed June 2021."
620,Portugal,2020,Life expectancy at birth for both sexes (years),81.8,Data refers to a 5-year period preceding the reference year.,"United Nations Population Division, New York, World Population Prospects: The 2019 Revision; supplemented by data from the United Nations Statistics Division, New York, Demographic Yearbook 2019 and Secretariat for the Pacific Community (SPC) for small countries or areas, last accessed June 2021."
630,Puerto Rico,2020,Life expectancy at birth for both sexes (years),79.9,Data refers to a 5-year period preceding the reference year.,"United Nations Population Division, New York, World Population Prospects: The 2019 Revision; supplemented by data from the United Nations Statistics Division, New York, Demographic Yearbook 2019 and Secretariat for the Pacific Community (SPC) for small countries or areas, last accessed June 2021."
634,Qatar,2020,Life expectancy at birth for both sexes (years),80,Data refers to a 5-year period preceding the reference year.,"United Nations Population Division, New York, World Population Prospects: The 2019 Revision; supplemented by data from the United Nations Statistics Division, New York, Demographic Yearbook 2019 and Secretariat for the Pacific Community (SPC) for small countries or areas, last accessed June 2021."
410,Republic of Korea,2020,Life expectancy at birth for both sexes (years),82.8,Data refers to a 5-year period preceding the reference year.,"United Nations Population Division, New York, World Population Prospects: The 2019 Revision; supplemented by data from the United Nations Statistics Division, New York, Demographic Yearbook 2019 and Secretariat for the Pacific Community (SPC) for small countries or areas, last accessed June 2021."
498,Republic of Moldova,2020,Life expectancy at birth for both sexes (years),71.7,Data refers to a 5-year period preceding the reference year.;Including the Transnistria region.,"United Nations Population Division, New York, World Population Prospects: The 2019 Revision; supplemented by data from the United Nations Statistics Division, New York, Demographic Yearbook 2019 and Secretariat for the Pacific Community (SPC) for small countries or areas, last accessed June 2021."
638,Réunion,2020,Life expectancy at birth for both sexes (years),80,Data refers to a 5-year period preceding the reference year.,"United Nations Population Division, New York, World Population Prospects: The 2019 Revision; supplemented by data from the United Nations Statistics Division, New York, Demographic Yearbook 2019 and Secretariat for the Pacific Community (SPC) for small countries or areas, last accessed June 2021."
642,Romania,2020,Life expectancy at birth for both sexes (years),75.8,Data refers to a 5-year period preceding the reference year.,"United Nations Population Division, New York, World Population Prospects: The 2019 Revision; supplemented by data from the United Nations Statistics Division, New York, Demographic Yearbook 2019 and Secretariat for the Pacific Community (SPC) for small countries or areas, last accessed June 2021."
643,Russian Federation,2020,Life expectancy at birth for both sexes (years),72.3,Data refers to a 5-year period preceding the reference year.,"United Nations Population Division, New York, World Population Prospects: The 2019 Revision; supplemented by data from the United Nations Statistics Division, New York, Demographic Yearbook 2019 and Secretariat for the Pacific Community (SPC) for small countries or areas, last accessed June 2021."
646,Rwanda,2020,Life expectancy at birth for both sexes (years),68.4,Data refers to a 5-year period preceding the reference year.,"United Nations Population Division, New York, World Population Prospects: The 2019 Revision; supplemented by data from the United Nations Statistics Division, New York, Demographic Yearbook 2019 and Secretariat for the Pacific Community (SPC) for small countries or areas, last accessed June 2021."
662,Saint Lucia,2020,Life expectancy at birth for both sexes (years),76,Data refers to a 5-year period preceding the reference year.,"United Nations Population Division, New York, World Population Prospects: The 2019 Revision; supplemented by data from the United Nations Statistics Division, New York, Demographic Yearbook 2019 and Secretariat for the Pacific Community (SPC) for small countries or areas, last accessed June 2021."
670,Saint Vincent & Grenadines,2020,Life expectancy at birth for both sexes (years),72.4,Data refers to a 5-year period preceding the reference year.,"United Nations Population Division, New York, World Population Prospects: The 2019 Revision; supplemented by data from the United Nations Statistics Division, New York, Demographic Yearbook 2019 and Secretariat for the Pacific Community (SPC) for small countries or areas, last accessed June 2021."
882,Samoa,2020,Life expectancy at birth for both sexes (years),73.1,Data refers to a 5-year period preceding the reference year.,"United Nations Population Division, New York, World Population Prospects: The 2019 Revision; supplemented by data from the United Nations Statistics Division, New York, Demographic Yearbook 2019 and Secretariat for the Pacific Community (SPC) for small countries or areas, last accessed June 2021."
678,Sao Tome and Principe,2020,Life expectancy at birth for both sexes (years),70,Data refers to a 5-year period preceding the reference year.,"United Nations Population Division, New York, World Population Prospects: The 2019 Revision; supplemented by data from the United Nations Statistics Division, New York, Demographic Yearbook 2019 and Secretariat for the Pacific Community (SPC) for small countries or areas, last accessed June 2021."
682,Saudi Arabia,2020,Life expectancy at birth for both sexes (years),74.9,Data refers to a 5-year period preceding the reference year.,"United Nations Population Division, New York, World Population Prospects: The 2019 Revision; supplemented by data from the United Nations Statistics Division, New York, Demographic Yearbook 2019 and Secretariat for the Pacific Community (SPC) for small countries or areas, last accessed June 2021."
686,Senegal,2020,Life expectancy at birth for both sexes (years),67.5,Data refers to a 5-year period preceding the reference year.,"United Nations Population Division, New York, World Population Prospects: The 2019 Revision; supplemented by data from the United Nations Statistics Division, New York, Demographic Yearbook 2019 and Secretariat for the Pacific Community (SPC) for small countries or areas, last accessed June 2021."
688,Serbia,2020,Life expectancy at birth for both sexes (years),75.8,Data refers to a 5-year period preceding the reference year.;Including Kosovo.,"United Nations Population Division, New York, World Population Prospects: The 2019 Revision; supplemented by data from the United Nations Statistics Division, New York, Demographic Yearbook 2019 and Secretariat for the Pacific Community (SPC) for small countries or areas, last accessed June 2021."
690,Seychelles,2020,Life expectancy at birth for both sexes (years),73.3,Data refers to a 5-year period preceding the reference year.,"United Nations Population Division, New York, World Population Prospects: The 2019 Revision; supplemented by data from the United Nations Statistics Division, New York, Demographic Yearbook 2019 and Secretariat for the Pacific Community (SPC) for small countries or areas, last accessed June 2021."
694,Sierra Leone,2020,Life expectancy at birth for both sexes (years),54.1,Data refers to a 5-year period preceding the reference year.,"United Nations Population Division, New York, World Population Prospects: The 2019 Revision; supplemented by data from the United Nations Statistics Division, New York, Demographic Yearbook 2019 and Secretariat for the Pacific Community (SPC) for small countries or areas, last accessed June 2021."
702,Singapore,2020,Life expectancy at birth for both sexes (years),83.4,Data refers to a 5-year period preceding the reference year.,"United Nations Population Division, New York, World Population Prospects: The 2019 Revision; supplemented by data from the United Nations Statistics Division, New York, Demographic Yearbook 2019 and Secretariat for the Pacific Community (SPC) for small countries or areas, last accessed June 2021."
703,Slovakia,2020,Life expectancy at birth for both sexes (years),77.3,Data refers to a 5-year period preceding the reference year.,"United Nations Population Division, New York, World Population Prospects: The 2019 Revision; supplemented by data from the United Nations Statistics Division, New York, Demographic Yearbook 2019 and Secretariat for the Pacific Community (SPC) for small countries or areas, last accessed June 2021."
705,Slovenia,2020,Life expectancy at birth for both sexes (years),81.1,Data refers to a 5-year period preceding the reference year.,"United Nations Population Division, New York, World Population Prospects: The 2019 Revision; supplemented by data from the United Nations Statistics Division, New York, Demographic Yearbook 2019 and Secretariat for the Pacific Community (SPC) for small countries or areas, last accessed June 2021."
90,Solomon Islands,2020,Life expectancy at birth for both sexes (years),72.8,Data refers to a 5-year period preceding the reference year.,"United Nations Population Division, New York, World Population Prospects: The 2019 Revision; supplemented by data from the United Nations Statistics Division, New York, Demographic Yearbook 2019 and Secretariat for the Pacific Community (SPC) for small countries or areas, last accessed June 2021."
706,Somalia,2020,Life expectancy at birth for both sexes (years),56.9,Data refers to a 5-year period preceding the reference year.,"United Nations Population Division, New York, World Population Prospects: The 2019 Revision; supplemented by data from the United Nations Statistics Division, New York, Demographic Yearbook 2019 and Secretariat for the Pacific Community (SPC) for small countries or areas, last accessed June 2021."
710,South Africa,2020,Life expectancy at birth for both sexes (years),63.6,Data refers to a 5-year period preceding the reference year.,"United Nations Population Division, New York, World Population Prospects: The 2019 Revision; supplemented by data from the United Nations Statistics Division, New York, Demographic Yearbook 2019 and Secretariat for the Pacific Community (SPC) for small countries or areas, last accessed June 2021."
728,South Sudan,2020,Life expectancy at birth for both sexes (years),57.4,Data refers to a 5-year period preceding the reference year.,"United Nations Population Division, New York, World Population Prospects: The 2019 Revision; supplemented by data from the United Nations Statistics Division, New York, Demographic Yearbook 2019 and Secretariat for the Pacific Community (SPC) for small countries or areas, last accessed June 2021."
724,Spain,2020,Life expectancy at birth for both sexes (years),83.4,"Data refers to a 5-year period preceding the reference year.;Including Canary Islands, Ceuta and Melilla.","United Nations Population Division, New York, World Population Prospects: The 2019 Revision; supplemented by data from the United Nations Statistics Division, New York, Demographic Yearbook 2019 and Secretariat for the Pacific Community (SPC) for small countries or areas, last accessed June 2021."
144,Sri Lanka,2020,Life expectancy at birth for both sexes (years),76.7,Data refers to a 5-year period preceding the reference year.,"United Nations Population Division, New York, World Population Prospects: The 2019 Revision; supplemented by data from the United Nations Statistics Division, New York, Demographic Yearbook 2019 and Secretariat for the Pacific Community (SPC) for small countries or areas, last accessed June 2021."
275,State of Palestine,2020,Life expectancy at birth for both sexes (years),73.8,Data refers to a 5-year period preceding the reference year.;Including East Jerusalem.,"United Nations Population Division, New York, World Population Prospects: The 2019 Revision; supplemented by data from the United Nations Statistics Division, New York, Demographic Yearbook 2019 and Secretariat for the Pacific Community (SPC) for small countries or areas, last accessed June 2021."
729,Sudan,2020,Life expectancy at birth for both sexes (years),64.9,Data refers to a 5-year period preceding the reference year.,"United Nations Population Division, New York, World Population Prospects: The 2019 Revision; supplemented by data from the United Nations Statistics Division, New York, Demographic Yearbook 2019 and Secretariat for the Pacific Community (SPC) for small countries or areas, last accessed June 2021."
740,Suriname,2020,Life expectancy at birth for both sexes (years),71.5,Data refers to a 5-year period preceding the reference year.,"United Nations Population Division, New York, World Population Prospects: The 2019 Revision; supplemented by data from the United Nations Statistics Division, New York, Demographic Yearbook 2019 and Secretariat for the Pacific Community (SPC) for small countries or areas, last accessed June 2021."
752,Sweden,2020,Life expectancy at birth for both sexes (years),82.6,Data refers to a 5-year period preceding the reference year.,"United Nations Population Division, New York, World Population Prospects: The 2019 Revision; supplemented by data from the United Nations Statistics Division, New York, Demographic Yearbook 2019 and Secretariat for the Pacific Community (SPC) for small countries or areas, last accessed June 2021."
756,Switzerland,2020,Life expectancy at birth for both sexes (years),83.6,Data refers to a 5-year period preceding the reference year.,"United Nations Population Division, New York, World Population Prospects: The 2019 Revision; supplemented by data from the United Nations Statistics Division, New York, Demographic Yearbook 2019 and Secretariat for the Pacific Community (SPC) for small countries or areas, last accessed June 2021."
760,Syrian Arab Republic,2020,Life expectancy at birth for both sexes (years),71.3,Data refers to a 5-year period preceding the reference year.,"United Nations Population Division, New York, World Population Prospects: The 2019 Revision; supplemented by data from the United Nations Statistics Division, New York, Demographic Yearbook 2019 and Secretariat for the Pacific Community (SPC) for small countries or areas, last accessed June 2021."
762,Tajikistan,2020,Life expectancy at birth for both sexes (years),70.8,Data refers to a 5-year period preceding the reference year.,"United Nations Population Division, New York, World Population Prospects: The 2019 Revision; supplemented by data from the United Nations Statistics Division, New York, Demographic Yearbook 2019 and Secretariat for the Pacific Community (SPC) for small countries or areas, last accessed June 2021."
764,Thailand,2020,Life expectancy at birth for both sexes (years),76.8,Data refers to a 5-year period preceding the reference year.,"United Nations Population Division, New York, World Population Prospects: The 2019 Revision; supplemented by data from the United Nations Statistics Division, New York, Demographic Yearbook 2019 and Secretariat for the Pacific Community (SPC) for small countries or areas, last accessed June 2021."
807,North Macedonia,2020,Life expectancy at birth for both sexes (years),75.6,Data refers to a 5-year period preceding the reference year.,"United Nations Population Division, New York, World Population Prospects: The 2019 Revision; supplemented by data from the United Nations Statistics Division, New York, Demographic Yearbook 2019 and Secretariat for the Pacific Community (SPC) for small countries or areas, last accessed June 2021."
626,Timor-Leste,2020,Life expectancy at birth for both sexes (years),69.2,Data refers to a 5-year period preceding the reference year.,"United Nations Population Division, New York, World Population Prospects: The 2019 Revision; supplemented by data from the United Nations Statistics Division, New York, Demographic Yearbook 2019 and Secretariat for the Pacific Community (SPC) for small countries or areas, last accessed June 2021."
768,Togo,2020,Life expectancy at birth for both sexes (years),60.5,Data refers to a 5-year period preceding the reference year.,"United Nations Population Division, New York, World Population Prospects: The 2019 Revision; supplemented by data from the United Nations Statistics Division, New York, Demographic Yearbook 2019 and Secretariat for the Pacific Community (SPC) for small countries or areas, last accessed June 2021."
776,Tonga,2020,Life expectancy at birth for both sexes (years),70.7,Data refers to a 5-year period preceding the reference year.,"United Nations Population Division, New York, World Population Prospects: The 2019 Revision; supplemented by data from the United Nations Statistics Division, New York, Demographic Yearbook 2019 and Secretariat for the Pacific Community (SPC) for small countries or areas, last accessed June 2021."
780,Trinidad and Tobago,2020,Life expectancy at birth for both sexes (years),73.3,Data refers to a 5-year period preceding the reference year.,"United Nations Population Division, New York, World Population Prospects: The 2019 Revision; supplemented by data from the United Nations Statistics Division, New York, Demographic Yearbook 2019 and Secretariat for the Pacific Community (SPC) for small countries or areas, last accessed June 2021."
788,Tunisia,2020,Life expectancy at birth for both sexes (years),76.4,Data refers to a 5-year period preceding the reference year.,"United Nations Population Division, New York, World Population Prospects: The 2019 Revision; supplemented by data from the United Nations Statistics Division, New York, Demographic Yearbook 2019 and Secretariat for the Pacific Community (SPC) for small countries or areas, last accessed June 2021."
792,Turkey,2020,Life expectancy at birth for both sexes (years),77.3,Data refers to a 5-year period preceding the reference year.,"United Nations Population Division, New York, World Population Prospects: The 2019 Revision; supplemented by data from the United Nations Statistics Division, New York, Demographic Yearbook 2019 and Secretariat for the Pacific Community (SPC) for small countries or areas, last accessed June 2021."
795,Turkmenistan,2020,Life expectancy at birth for both sexes (years),68,Data refers to a 5-year period preceding the reference year.,"United Nations Population Division, New York, World Population Prospects: The 2019 Revision; supplemented by data from the United Nations Statistics Division, New York, Demographic Yearbook 2019 and Secretariat for the Pacific Community (SPC) for small countries or areas, last accessed June 2021."
800,Uganda,2020,Life expectancy at birth for both sexes (years),62.8,Data refers to a 5-year period preceding the reference year.,"United Nations Population Division, New York, World Population Prospects: The 2019 Revision; supplemented by data from the United Nations Statistics Division, New York, Demographic Yearbook 2019 and Secretariat for the Pacific Community (SPC) for small countries or areas, last accessed June 2021."
804,Ukraine,2020,Life expectancy at birth for both sexes (years),71.8,Data refers to a 5-year period preceding the reference year.;Including Crimea.,"United Nations Population Division, New York, World Population Prospects: The 2019 Revision; supplemented by data from the United Nations Statistics Division, New York, Demographic Yearbook 2019 and Secretariat for the Pacific Community (SPC) for small countries or areas, last accessed June 2021."
784,United Arab Emirates,2020,Life expectancy at birth for both sexes (years),77.7,Data refers to a 5-year period preceding the reference year.,"United Nations Population Division, New York, World Population Prospects: The 2019 Revision; supplemented by data from the United Nations Statistics Division, New York, Demographic Yearbook 2019 and Secretariat for the Pacific Community (SPC) for small countries or areas, last accessed June 2021."
826,United Kingdom,2020,Life expectancy at birth for both sexes (years),81.2,Data refers to a 5-year period preceding the reference year.,"United Nations Population Division, New York, World Population Prospects: The 2019 Revision; supplemented by data from the United Nations Statistics Division, New York, Demographic Yearbook 2019 and Secretariat for the Pacific Community (SPC) for small countries or areas, last accessed June 2021."
834,United Rep. of Tanzania,2020,Life expectancy at birth for both sexes (years),64.8,Data refers to a 5-year period preceding the reference year.;Including Zanzibar.,"United Nations Population Division, New York, World Population Prospects: The 2019 Revision; supplemented by data from the United Nations Statistics Division, New York, Demographic Yearbook 2019 and Secretariat for the Pacific Community (SPC) for small countries or areas, last accessed June 2021."
840,United States of America,2020,Life expectancy at birth for both sexes (years),78.8,Data refers to a 5-year period preceding the reference year.,"United Nations Population Division, New York, World Population Prospects: The 2019 Revision; supplemented by data from the United Nations Statistics Division, New York, Demographic Yearbook 2019 and Secretariat for the Pacific Community (SPC) for small countries or areas, last accessed June 2021."
850,United States Virgin Islands,2020,Life expectancy at birth for both sexes (years),80.3,Data refers to a 5-year period preceding the reference year.,"United Nations Population Division, New York, World Population Prospects: The 2019 Revision; supplemented by data from the United Nations Statistics Division, New York, Demographic Yearbook 2019 and Secretariat for the Pacific Community (SPC) for small countries or areas, last accessed June 2021."
858,Uruguay,2020,Life expectancy at birth for both sexes (years),77.7,Data refers to a 5-year period preceding the reference year.,"United Nations Population Division, New York, World Population Prospects: The 2019 Revision; supplemented by data from the United Nations Statistics Division, New York, Demographic Yearbook 2019 and Secretariat for the Pacific Community (SPC) for small countries or areas, last accessed June 2021."
860,Uzbekistan,2020,Life expectancy at birth for both sexes (years),71.5,Data refers to a 5-year period preceding the reference year.,"United Nations Population Division, New York, World Population Prospects: The 2019 Revision; supplemented by data from the United Nations Statistics Division, New York, Demographic Yearbook 2019 and Secretariat for the Pacific Community (SPC) for small countries or areas, last accessed June 2021."
548,Vanuatu,2020,Life expectancy at birth for both sexes (years),70.2,Data refers to a 5-year period preceding the reference year.,"United Nations Population Division, New York, World Population Prospects: The 2019 Revision; supplemented by data from the United Nations Statistics Division, New York, Demographic Yearbook 2019 and Secretariat for the Pacific Community (SPC) for small countries or areas, last accessed June 2021."
862,Venezuela (Boliv. Rep. of),2020,Life expectancy at birth for both sexes (years),72.1,Data refers to a 5-year period preceding the reference year.,"United Nations Population Division, New York, World Population Prospects: The 2019 Revision; supplemented by data from the United Nations Statistics Division, New York, Demographic Yearbook 2019 and Secretariat for the Pacific Community (SPC) for small countries or areas, last accessed June 2021."
704,Viet Nam,2020,Life expectancy at birth for both sexes (years),75.3,Data refers to a 5-year period preceding the reference year.,"United Nations Population Division, New York, World Population Prospects: The 2019 Revision; supplemented by data from the United Nations Statistics Division, New York, Demographic Yearbook 2019 and Secretariat for the Pacific Community (SPC) for small countries or areas, last accessed June 2021."
732,Western Sahara,2020,Life expectancy at birth for both sexes (years),69.9,Data refers to a 5-year period preceding the reference year.,"United Nations Population Division, New York, World Population Prospects: The 2019 Revision; supplemented by data from the United Nations Statistics Division, New York, Demographic Yearbook 2019 and Secretariat for the Pacific Community (SPC) for small countries or areas, last accessed June 2021."
887,Yemen,2020,Life expectancy at birth for both sexes (years),66,Data refers to a 5-year period preceding the reference year.,"United Nations Population Division, New York, World Population Prospects: The 2019 Revision; supplemented by data from the United Nations Statistics Division, New York, Demographic Yearbook 2019 and Secretariat for the Pacific Community (SPC) for small countries or areas, last accessed June 2021."
894,Zambia,2020,Life expectancy at birth for both sexes (years),63.3,Data refers to a 5-year period preceding the reference year.,"United Nations Population Division, New York, World Population Prospects: The 2019 Revision; supplemented by data from the United Nations Statistics Division, New York, Demographic Yearbook 2019 and Secretariat for the Pacific Community (SPC) for small countries or areas, last accessed June 2021."
716,Zimbabwe,2020,Life expectancy at birth for both sexes (years),60.8,Data refers to a 5-year period preceding the reference year.,"United Nations Population Division, New York, World Population Prospects: The 2019 Revision; supplemented by data from the United Nations Statistics Division, New York, Demographic Yearbook 2019 and Secretariat for the Pacific Community (SPC) for small countries or areas, last accessed June 2021."
